penalty,sigmoid,log_scale,rng_seed,inv_V_a,inv_V_a_regime,final_loss,rho,roa_area,max_dVdt_inside,train_time_seconds,has_nan,error_message
control_zero,default,false,2026,NaN,,0.0,1.0,2.0932,0.0,60.6678409576416,false,""
control_zero,default,true,2026,NaN,,0.0,1.0,2.0932,0.0,14.796981811523438,false,""
control_zero,logistic,false,2026,NaN,,7.166879264241234e-13,1.0,2.2172,0.0,15.751708984375,false,""
control_zero,logistic,true,2026,NaN,,1.1218827404406507e-14,1.0,2.086,0.0,14.583140134811401,false,""
constant_one,default,false,2026,NaN,,0.861328125,1.0,2.1204,0.0,14.771198987960815,false,""
constant_one,default,true,2026,NaN,,0.861328125,1.0,2.1204,0.0,13.799779891967773,false,""
constant_one,logistic,false,2026,NaN,,0.7873815687199063,1.0,3.13,0.008698092539554461,15.685673952102661,false,""
constant_one,logistic,true,2026,NaN,,0.7866181022082191,1.0,3.13,0.008115104265030823,14.85694694519043,false,""
inv_dist_sq,default,false,2026,NaN,,0.15974817515170128,1.0,3.0008,0.6640164930594256,13.54839301109314,false,""
inv_dist_sq,default,true,2026,NaN,,0.15974817515170128,1.0,3.0008,0.6640164930594256,12.755951881408691,false,""
inv_dist_sq,logistic,false,2026,NaN,,0.14106010723503634,1.0,3.13,0.010552442067895266,14.369093894958496,false,""
inv_dist_sq,logistic,true,2026,NaN,,0.1404684061988494,1.0,3.13,0.008124256079827297,14.129898071289062,false,""
scaled_inv_dist_sq,default,false,2026,NaN,,1593.2381523791296,1.0,3.0008,0.6640164930594256,13.248053073883057,false,""
scaled_inv_dist_sq,default,true,2026,NaN,,1593.2381523791296,1.0,3.0008,0.6640164930594256,13.276663064956665,false,""
scaled_inv_dist_sq,logistic,false,2026,NaN,,1410.6808962475434,1.0,3.13,0.0027909072534304585,14.686296939849854,false,""
scaled_inv_dist_sq,logistic,true,2026,NaN,,1404.704785179898,1.0,3.13,0.005422063498841315,14.162731170654297,false,""
inv_dist,default,false,2026,NaN,,0.31781967388331356,1.0,3.0008,0.6640164930594256,13.189039945602417,false,""
inv_dist,default,true,2026,NaN,,0.31781967388331356,1.0,3.0008,0.6640164930594256,12.99206018447876,false,""
inv_dist,logistic,false,2026,NaN,,0.29917287506044815,1.0,3.13,0.012261717661300024,13.736289978027344,false,""
inv_dist,logistic,true,2026,NaN,,0.2985041530047808,1.0,3.13,0.009539583490587094,13.855930089950562,false,""
inv_V_small,default,false,2026,0.0001,much_less_than_rho,0.017711475898611703,1.0,0.33840000000000003,2.1996337560898116,14.00160813331604,false,""
inv_V_small,default,true,2026,0.0001,much_less_than_rho,0.017711475898611703,1.0,0.33840000000000003,2.1996337560898116,14.081119060516357,false,""
inv_V_small,logistic,false,2026,0.0001,much_less_than_rho,0.07024508884148455,1.0,0.5108,4.910308391806951,18.065701007843018,false,""
inv_V_small,logistic,true,2026,0.0001,much_less_than_rho,0.009985473709346526,1.0,0.8312,1.7514379656190946,15.304871082305908,false,""
inv_V_rho,default,false,2026,1.0,equal_rho,0.00013998115090547205,1.0,0.010400000000000001,0.14705515201076483,13.905606031417847,false,""
inv_V_rho,default,true,2026,1.0,equal_rho,0.00013998115090547205,1.0,0.010400000000000001,0.14705515201076483,14.378683090209961,false,""
inv_V_rho,logistic,false,2026,1.0,equal_rho,0.018231725692625916,1.0,0.5924,0.39137180668800403,17.397634029388428,false,""
inv_V_rho,logistic,true,2026,1.0,equal_rho,4.184418941218844e-5,1.0,0.0068000000000000005,0.03526313882158717,15.062910079956055,false,""
inv_V_clipped,default,false,2026,NaN,,0.018794350914413414,1.0,0.7816,2.5367156870856657,14.31279993057251,false,""
inv_V_clipped,default,true,2026,NaN,,0.018794350914413414,1.0,0.7816,2.5367156870856657,14.084358930587769,false,""
inv_V_clipped,logistic,false,2026,NaN,,0.039198678405758865,1.0,0.5884,2.5620946200485397,16.94590401649475,false,""
inv_V_clipped,logistic,true,2026,NaN,,0.006410543721540053,1.0,1.0696,1.117032772386059,15.323164939880371,false,""
quadratic_over_rho,default,false,2026,NaN,,89.69837694932464,1.0,3.1172000000000004,0.13346704890463224,14.354912042617798,false,""
quadratic_over_rho,default,true,2026,NaN,,89.69837694932464,1.0,3.1172000000000004,0.13346704890463224,14.504942178726196,false,""
quadratic_over_rho,logistic,false,2026,NaN,,89.70030871565518,1.0,3.116,0.1358729071554903,16.11802101135254,false,""
quadratic_over_rho,logistic,true,2026,NaN,,89.70030513023357,1.0,3.116,0.13586727508244065,15.863828897476196,false,""
